"PROD_ID","PROD_NAME","PROD_DESC","PROD_SUBCATEGORY","PROD_SUBCATEGORY_ID","PROD_SUBCATEGORY_DESC","PROD_CATEGORY","PROD_CATEGORY_ID","PROD_CATEGORY_DESC","PROD_WEIGHT_CLASS","PROD_UNIT_OF_MEASURE","PROD_PACK_SIZE","SUPPLIER_ID","PROD_STATUS","PROD_LIST_PRICE","PROD_MIN_PRICE","PROD_TOTAL","PROD_TOTAL_ID","PROD_SRC_ID","PROD_EFF_FROM","PROD_EFF_TO","PROD_VALID",
135,"S27273M 緊急用携帯電話バッテリ","S27274M 緊急用携帯電話バッテリ","カメラ・バッテリ",2042,"カメラ・バッテリ","写真",204,"写真",1,"U","P",1,"STATUS",4999,49.99,"全製品",1,,1998-01-01 00:00:00,,"A",
13,"5メガ・ピクセル デジタルカメラ","5メガ・ピクセル デジタルカメラ","カメラ",2044,"カメラ","写真",204,"写真",1,"U","P",1,"STATUS",899.99,899.99,"全製品",1,,1998-01-01 00:00:00,,"A",
15,"Envoy 256MB - 40GB","Envoy 256MB - 40GB","デスクトップPC",2021,"デスクトップPC","ハードウェア",202,"ハードウェア",1,"U","P",1,"STATUS",999.99,999.99,"全製品",1,,1998-01-01 00:00:00,,"A",
16,"Y Box","Y Box","ゲーム機",2011,"ゲーム機","家電",201,"家電",1,"U","P",1,"STATUS",299.99,299.99,"全製品",1,,1998-01-01 00:00:00,,"A",
18,"Envoy Ambassador","Envoy Ambassador","ノートPC",2022,"ノートPC","ハードウェア",202,"ハードウェア",1,"U","P",1,"STATUS",1299.99,1299.99,"全製品",1,,1998-01-01 00:00:00,,"A",
19,"ノートPCキャリーケース","ノートPCキャリーケース","アクセサリ",2051,"アクセサリ","ソフトウェア・その他",205,"ソフトウェア・その他",1,"U","P",1,"STATUS",55.99,55.99,"全製品",1,,1998-01-01 00:00:00,,"A",
21,"18インチ フラットパネル・モニタ","18インチ フラットパネル・モニタ","モニタ",2035,"モニタ","周辺機器・アクセサリ",203,"周辺機器・アクセサリ",1,"U","P",1,"STATUS",899.99,899.99,"全製品",1,,1998-01-01 00:00:00,,"A",
22,"外付けキーボード","外付けキーボード","アクセサリ",2031,"アクセサリ","周辺機器・アクセサリ",203,"周辺機器・アクセサリ",1,"U","P",1,"STATUS",24.99,24.99,"全製品",1,,1998-01-01 00:00:00,,"A",
23,"外付け106キーボード","外付け106キーボード","アクセサリ",2051,"アクセサリ","ソフトウェア・その他",205,"ソフトウェア・その他",1,"U","P",1,"STATUS",21.99,21.99,"全製品",1,,1998-01-01 00:00:00,,"A",
138,"256MB SDメモリ・カード","256MB SDメモリ・カード","カメラ・メディア",2043,"カメラ・メディア","写真",204,"写真",1,"U","P",1,"STATUS",6999,69.99,"全製品",1,,1998-01-01 00:00:00,,"A",
28,"Unix/Windows 1ユーザー・パック","Unix/Windows 1ユーザー・パック","OS",2052,"OS","ソフトウェア・その他",205,"ソフトウェア・その他",1,"U","P",1,"STATUS",19999,199.99,"全製品",1,,1998-01-01 00:00:00,,"A",
30,"マウス・パッド","マウス・パッド","アクセサリ",2051,"アクセサリ","ソフトウェア・その他",205,"ソフトウェア・その他",1,"U","P",1,"STATUS",999,9.99,"全製品",1,,1998-01-01 00:00:00,,"A",
31,"外付けDVDディスク・ドライブ","外付けDVDディスク・ドライブ","アクセサリ",2051,"アクセサリ","ソフトウェア・その他",205,"ソフトウェア・その他",1,"U","P",1,"STATUS",899,8.99,"全製品",1,,1998-01-01 00:00:00,,"A",
48,"キーボード・レスト","キーボード・レスト","アクセサリ",2051,"アクセサリ","ソフトウェア・その他",205,"ソフトウェア・その他",1,"U","P",1,"STATUS",1199,11.99,"全製品",1,,1998-01-01 00:00:00,,"A",
125,"CDケース50枚収納ボックス","CDケース50枚収納ボックス","バルク・ディスク",2053,"バルク・ディスク","ソフトウェア・その他",205,"ソフトウェア・その他",1,"U","P",1,"STATUS",1599,15.99,"全製品",1,,1998-01-01 00:00:00,,"A",
126,"CDケース100枚収納ボックス","CDケース100枚収納ボックス","バルク・ディスク",2053,"バルク・ディスク","ソフトウェア・その他",205,"ソフトウェア・その他",1,"U","P",1,"STATUS",2899,28.99,"全製品",1,,1998-01-01 00:00:00,,"A",
40,"OS英語マニュアル","OS英語マニュアル","マニュアル",2054,"マニュアル","ソフトウェア・その他",205,"ソフトウェア・その他",1,"U","P",1,"STATUS",4499,44.99,"全製品",1,,1998-01-01 00:00:00,,"A",
42,"OSフランス語マニュアル","OSフランス語マニュアル","マニュアル",2054,"マニュアル","ソフトウェア・その他",205,"ソフトウェア・その他",1,"U","P",1,"STATUS",4499,44.99,"全製品",1,,1998-01-01 00:00:00,,"A",
43,"OSスペイン語マニュアル","OSスペイン語マニュアル","マニュアル",2054,"マニュアル","ソフトウェア・その他",205,"ソフトウェア・その他",1,"U","P",1,"STATUS",4499,44.99,"全製品",1,,1998-01-01 00:00:00,,"A",
119,"CD-Rディスク（ケース付き）","CD-Rディスク（ケース付き）12枚パック","CD-R",2055,"CD-R","ソフトウェア・その他",205,"ソフトウェア・その他",1,"U","P",1,"STATUS",699,6.99,"全製品",1,,1998-01-01 00:00:00,,"A",
15,"Envoy 256MB - 40GB","Envoy 256MB - 40GB","デスクトップPC",2021,"デスクトップPC","ハードウェア",202,"ハードウェア",1,"U","P",1,"STATUS",99999,999.99,"全製品",1,,1998-01-01 00:00:00,,"A",
16,"Y Box","Y Box","ゲーム機",2011,"ゲーム機","家電",201,"家電",1,"U","P",1,"STATUS",29999,299.99,"全製品",1,,1998-01-01 00:00:00,,"A",
18,"Envoy Ambassador","Envoy Ambassador","ノートPC",2022,"ノートPC","ハードウェア",202,"ハードウェア",1,"U","P",1,"STATUS",129999,1299.99,"全製品",1,,1998-01-01 00:00:00,,"A",
22,"外付けキーボード","外付けキーボード","アクセサリ",2031,"アクセサリ","周辺機器・アクセサリ",203,"周辺機器・アクセサリ",1,"U","P",1,"STATUS",2499,24.99,"全製品",1,,1998-01-01 00:00:00,,"A",
23,"外付け106キーボード","外付け106キーボード","アクセサリ",2051,"アクセサリ","ソフトウェア・その他",205,"ソフトウェア・その他",1,"U","P",1,"STATUS",2199,21.99,"全製品",1,,1998-01-01 00:00:00,,"A",
27,"マルチメディア・スピーカー","マルチメディア・スピーカー","アクセサリ",2031,"アクセサリ","周辺機器・アクセサリ",203,"周辺機器・アクセサリ",1,"U","P",1,"STATUS",4499,44.99,"全製品",1,,1998-01-01 00:00:00,,"A",
39,"内蔵8倍速CD-ROMドライブ","内蔵8倍速CD-ROMドライブ","CD-ROM",2032,"CD-ROM","周辺機器・アクセサリ",203,"周辺機器・アクセサリ",1,"U","P",1,"STATUS",3499,34.99,"全製品",1,,1998-01-01 00:00:00,,"A",
41,"OSドイツ語マニュアル","OSドイツ語マニュアル","マニュアル",2054,"マニュアル","ソフトウェア・その他",205,"ソフトウェア・その他",1,"U","P",1,"STATUS",4499,44.99,"全製品",1,,1998-01-01 00:00:00,,"A",
46,"標準マウス","標準マウス","アクセサリ",2031,"アクセサリ","周辺機器・アクセサリ",203,"周辺機器・アクセサリ",1,"U","P",1,"STATUS",2299,22.99,"全製品",1,,1998-01-01 00:00:00,,"A",
114,"音楽用CD-R","音楽用CD-R30枚パック","CD-R",2055,"CD-R","ソフトウェア・その他",205,"ソフトウェア・その他",1,"U","P",1,"STATUS",1899,18.99,"全製品",1,,1998-01-01 00:00:00,,"A",
115,"CD-RW","倍速対応CD-RW 10枚パック","CD-R",2055,"CD-R","ソフトウェア・その他",205,"ソフトウェア・その他",1,"U","P",1,"STATUS",899,8.99,"全製品",1,,1998-01-01 00:00:00,,"A",
116,"CD-RW","倍速対応CD-RW 5枚パック","CD-R",2055,"CD-R","ソフトウェア・その他",205,"ソフトウェア・その他",1,"U","P",1,"STATUS",1199,11.99,"全製品",1,,1998-01-01 00:00:00,,"A",
122,"DVD-Rディスク","DVD-Rディスク5枚パック","DVD-R",2056,"DVD-R","ソフトウェア・その他",205,"ソフトウェア・その他",1,"U","P",1,"STATUS",1899,18.99,"全製品",1,,1998-01-01 00:00:00,,"A",
124,"DVD-RWディスク","DVD-RWディスク3枚パック","DVD-R",2056,"DVD-R","ソフトウェア・その他",205,"ソフトウェア・その他",1,"U","P",1,"STATUS",1899,18.99,"全製品",1,,1998-01-01 00:00:00,,"A",
133,"モデル K8822S 携帯電話バッテリ","モデル K8822S 携帯電話バッテリ","カメラ・バッテリ",2042,"カメラ・バッテリ","写真",204,"写真",1,"U","P",1,"STATUS",3099,30.99,"全製品",1,,1998-01-01 00:00:00,,"A",
137,"128MB SDメモリ・カード","128MB SDメモリ・カード","カメラ・メディア",2043,"カメラ・メディア","写真",204,"写真",1,"U","P",1,"STATUS",5299,52.99,"全製品",1,,1998-01-01 00:00:00,,"A",
139,"無線LAN中継ステーション","無線LAN中継ステーション","Y Box ゲーム",2014,"Y Box ゲーム","家電",201,"家電",4,"U","P",1,"STATUS",1999,19.99,"全製品",1,,1998-01-01 00:00:00,,"A",
140,"8時間耐久レース・ゲーム","9時間耐久レース・ゲーム","Y Box ゲーム",2014,"Y Box ゲーム","家電",201,"家電",1,"U","P",1,"STATUS",2999,29.99,"全製品",1,,1998-01-01 00:00:00,,"A",
141,"スマッシュ・ボクシング","スマッシュ・ボクシング","Y Box ゲーム",2014,"Y Box ゲーム","家電",201,"家電",1,"U","P",1,"STATUS",2999,29.99,"全製品",1,,1998-01-01 00:00:00,,"A",
142,"マーシャル・アーツ・チャンピオン","マーシャル・アーツ・チャンピオン","Y Box ゲーム",2014,"Y Box ゲーム","家電",201,"家電",1,"U","P",1,"STATUS",1999,19.99,"全製品",1,,1998-01-01 00:00:00,,"A",
143,"アメコミ・ヒーローズ","アメコミ・ヒーローズ","Y Box ゲーム",2014,"Y Box ゲーム","家電",201,"家電",1,"U","P",1,"STATUS",1999,19.99,"全製品",1,,1998-01-01 00:00:00,,"A",
145,"コイン探し","コイン探し","Y Box ゲーム",2014,"Y Box ゲーム","家電",201,"家電",1,"U","P",1,"STATUS",1299,12.99,"全製品",1,,1998-01-01 00:00:00,,"A",
146,"ナンバー・アドベンチャー","ナンバー・アドベンチャー","Y Box ゲーム",2014,"Y Box ゲーム","家電",201,"家電",1,"U","P",1,"STATUS",1199,11.99,"全製品",1,,1998-01-01 00:00:00,,"A",
147,"追加ケーブル","追加ケーブル","Y Box アクセサリ",2013,"Y Box アクセサリ","家電",201,"家電",1,"U","P",1,"STATUS",799,7.99,"全製品",1,,1998-01-01 00:00:00,,"A",
148,"追加メモリ","追加メモリ","Y Box アクセサリ",2013,"Y Box アクセサリ","家電",201,"家電",1,"U","P",1,"STATUS",2099,20.99,"全製品",1,,1998-01-01 00:00:00,,"A",
20,"Home Theatre Package with DVD-Audio/Video Play","Home Theatre Package with DVD-Audio/Video Play","家庭用オーディオ",2012,"家庭用オーディオ","家電",201,"家電",1,"U","P",1,"STATUS",59999,599.99,"全製品",1,,1998-01-01 00:00:00,,"A",
29,"8.3 Minitower Speaker","8.3 Minitower Speaker","家庭用オーディオ",2012,"家庭用オーディオ","家電",201,"家電",1,"U","P",1,"STATUS",49999,499.99,"全製品",1,,1998-01-01 00:00:00,,"A",
14,"17"" LCD w/built-in HDTV Tuner","17"" LCD w/built-in HDTV Tuner","モニタ",2035,"モニタ","周辺機器・アクセサリ",203,"周辺機器・アクセサリ",1,"U","P",1,"STATUS",99999,999.99,"全製品",1,,1998-01-01 00:00:00,,"A",
127,"Model CD13272 Tricolor Ink Cartridge","Model CD13272 Tricolor Ink Cartridge","プリンタ・サプライ",2036,"プリンタ・サプライ","周辺機器・アクセサリ",203,"周辺機器・アクセサリ",1,"U","P",1,"STATUS",3699,36.99,"全製品",1,,1998-01-01 00:00:00,,"A",
128,"Model SM26273 Black Ink Cartridge","Model SM26273 Black Ink Cartridge","プリンタ・サプライ",2036,"プリンタ・サプライ","周辺機器・アクセサリ",203,"周辺機器・アクセサリ",1,"U","P",1,"STATUS",2799,27.99,"全製品",1,,1998-01-01 00:00:00,,"A",
129,"Model NM500X High Yield Toner Cartridge","Model NM500X High Yield Toner Cartridge","プリンタ・サプライ",2036,"プリンタ・サプライ","周辺機器・アクセサリ",203,"周辺機器・アクセサリ",1,"U","P",1,"STATUS",19299,192.99,"全製品",1,,1998-01-01 00:00:00,,"A",
130,"Model A3827H Black Image Cartridge","Model A3827H Black Image Cartridge","プリンタ・サプライ",2036,"プリンタ・サプライ","周辺機器・アクセサリ",203,"周辺機器・アクセサリ",1,"U","P",1,"STATUS",8999,89.99,"全製品",1,,1998-01-01 00:00:00,,"A",
17,"Mini DV Camcorder with 3.5"" Swivel LCD","Mini DV Camcorder with 3.5"" Swivel LCD","ビデオカメラ",2041,"ビデオカメラ","写真",204,"写真",1,"U","P",1,"STATUS",109999,1099.99,"全製品",1,,1998-01-01 00:00:00,,"A",
44,"OSイタリア語マニュアル","OSイタリア語マニュアル","マニュアル",2054,"マニュアル","ソフトウェア・その他",205,"ソフトウェア・その他",1,"U","P",1,"STATUS",4499,44.99,"全製品",1,,1998-01-01 00:00:00,,"A",
45,"OS日本語マニュアル","OS日本語マニュアル","マニュアル",2054,"マニュアル","ソフトウェア・その他",205,"ソフトウェア・その他",1,"U","P",1,"STATUS",4499,44.99,"全製品",1,,1998-01-01 00:00:00,,"A",
113,"CD-Rディスク（ケース付き）","CD-Rディスク（ケース付き）5枚パック","CD-R",2055,"CD-R","ソフトウェア・その他",205,"ソフトウェア・その他",1,"U","P",1,"STATUS",2299,22.99,"全製品",1,,1998-01-01 00:00:00,,"A",
117,"CD-R","高品質CD-R 5枚パック","CD-R",2055,"CD-R","ソフトウェア・その他",205,"ソフトウェア・その他",1,"U","P",1,"STATUS",899,8.99,"全製品",1,,1998-01-01 00:00:00,,"A",
118,"音楽用CD-R","音楽用CD-R10枚パック","CD-R",2055,"CD-R","ソフトウェア・その他",205,"ソフトウェア・その他",1,"U","P",1,"STATUS",799,7.99,"全製品",1,,1998-01-01 00:00:00,,"A",
120,"CD-Rディスク（ケース付き）","CD-Rディスク（ケース付き）片面一層","DVD-R",2056,"DVD-R","ソフトウェア・その他",205,"ソフトウェア・その他",1,"U","P",1,"STATUS",699,6.99,"全製品",1,,1998-01-01 00:00:00,,"A",
121,"DVD-RAMディスク（ケース付き）","DVD-RAMディスク（ケース付き）片面二層","DVD-R",2056,"DVD-R","ソフトウェア・その他",205,"ソフトウェア・その他",1,"U","P",1,"STATUS",1099,10.99,"全製品",1,,1998-01-01 00:00:00,,"A",
123,"DVD-Rディスク","DVD-Rディスク5枚パック（高品質）","DVD-R",2056,"DVD-R","ソフトウェア・その他",205,"ソフトウェア・その他",1,"U","P",1,"STATUS",4999,49.99,"全製品",1,,1998-01-01 00:00:00,,"A",
144,"フライ・フィッシング","フライ・フィッシング","Y Box ゲーム",2014,"Y Box ゲーム","家電",201,"家電",1,"U","P",1,"STATUS",799,7.99,"全製品",1,,1998-01-01 00:00:00,,"A",
27,"マルチメディア・スピーカー","マルチメディア・スピーカー","アクセサリ",2031,"アクセサリ","周辺機器・アクセサリ",203,"周辺機器・アクセサリ",1,"U","P",1,"STATUS",44.99,44.99,"全製品",1,,1998-01-01 00:00:00,,"A",
30,"マウス・パッド","マウス・パッド","アクセサリ",2051,"アクセサリ","ソフトウェア・その他",205,"ソフトウェア・その他",1,"U","P",1,"STATUS",9.99,9.99,"全製品",1,,1998-01-01 00:00:00,,"A",
31,"外付けDVDディスク・ドライブ","外付けDVDディスク・ドライブ","アクセサリ",2051,"アクセサリ","ソフトウェア・その他",205,"ソフトウェア・その他",1,"U","P",1,"STATUS",8.99,8.99,"全製品",1,,1998-01-01 00:00:00,,"A",
32,"マルチメディア・スピーカー 5コーン","マルチメディア・スピーカー 5コーン","アクセサリ",2031,"アクセサリ","周辺機器・アクセサリ",203,"周辺機器・アクセサリ",1,"U","P",1,"STATUS",67.99,67.99,"全製品",1,,1998-01-01 00:00:00,,"A",
35,"外付け8倍速CD-ROMドライブ","外付け8倍速CD-ROMドライブ","CD-ROM",2032,"CD-ROM","周辺機器・アクセサリ",203,"周辺機器・アクセサリ",1,"U","P",1,"STATUS",49.99,49.99,"全製品",1,,1998-01-01 00:00:00,,"A",
46,"標準マウス","標準マウス","アクセサリ",2031,"アクセサリ","周辺機器・アクセサリ",203,"周辺機器・アクセサリ",1,"U","P",1,"STATUS",22.99,22.99,"全製品",1,,1998-01-01 00:00:00,,"A",
47,"光学式マウス","光学式マウス","アクセサリ",2031,"アクセサリ","周辺機器・アクセサリ",203,"周辺機器・アクセサリ",1,"U","P",1,"STATUS",28.99,28.99,"全製品",1,,1998-01-01 00:00:00,,"A",
113,"CD-Rディスク（ケース付き）","CD-Rディスク（ケース付き）5枚パック","CD-R",2055,"CD-R","ソフトウェア・その他",205,"ソフトウェア・その他",1,"U","P",1,"STATUS",22.99,22.99,"全製品",1,,1998-01-01 00:00:00,,"A",
117,"CD-R","高品質CD-R 5枚パック","CD-R",2055,"CD-R","ソフトウェア・その他",205,"ソフトウェア・その他",1,"U","P",1,"STATUS",8.99,8.99,"全製品",1,,1998-01-01 00:00:00,,"A",
121,"DVD-RAMディスク（ケース付き）","DVD-RAMディスク（ケース付き）片面二層","DVD-R",2056,"DVD-R","ソフトウェア・その他",205,"ソフトウェア・その他",1,"U","P",1,"STATUS",10.99,10.99,"全製品",1,,1998-01-01 00:00:00,,"A",
124,"DVD-RWディスク","DVD-RWディスク3枚パック","DVD-R",2056,"DVD-R","ソフトウェア・その他",205,"ソフトウェア・その他",1,"U","P",1,"STATUS",18.99,18.99,"全製品",1,,1998-01-01 00:00:00,,"A",
135,"S27273M 緊急用携帯電話バッテリ","S27274M 緊急用携帯電話バッテリ","カメラ・バッテリ",2042,"カメラ・バッテリ","写真",204,"写真",1,"U","P",1,"STATUS",49.99,49.99,"全製品",1,,1998-01-01 00:00:00,,"A",
136,"64MB SDメモリ・カード","64MB SDメモリ・カード","カメラ・メディア",2043,"カメラ・メディア","写真",204,"写真",1,"U","P",1,"STATUS",3299,32.99,"全製品",1,,1998-01-01 00:00:00,,"A",
137,"128MB SDメモリ・カード","128MB SDメモリ・カード","カメラ・メディア",2043,"カメラ・メディア","写真",204,"写真",1,"U","P",1,"STATUS",52.99,52.99,"全製品",1,,1998-01-01 00:00:00,,"A",
138,"256MB SDメモリ・カード","256MB SDメモリ・カード","カメラ・メディア",2043,"カメラ・メディア","写真",204,"写真",1,"U","P",1,"STATUS",69.99,69.99,"全製品",1,,1998-01-01 00:00:00,,"A",
139,"無線LAN中継ステーション","無線LAN中継ステーション","Y Box ゲーム",2014,"Y Box ゲーム","家電",201,"家電",4,"U","P",1,"STATUS",19.99,19.99,"全製品",1,,1998-01-01 00:00:00,,"A",
140,"8時間耐久レース・ゲーム","9時間耐久レース・ゲーム","Y Box ゲーム",2014,"Y Box ゲーム","家電",201,"家電",1,"U","P",1,"STATUS",29.99,29.99,"全製品",1,,1998-01-01 00:00:00,,"A",
141,"スマッシュ・ボクシング","スマッシュ・ボクシング","Y Box ゲーム",2014,"Y Box ゲーム","家電",201,"家電",1,"U","P",1,"STATUS",29.99,29.99,"全製品",1,,1998-01-01 00:00:00,,"A",
142,"マーシャル・アーツ・チャンピオン","マーシャル・アーツ・チャンピオン","Y Box ゲーム",2014,"Y Box ゲーム","家電",201,"家電",1,"U","P",1,"STATUS",19.99,19.99,"全製品",1,,1998-01-01 00:00:00,,"A",
144,"フライ・フィッシング","フライ・フィッシング","Y Box ゲーム",2014,"Y Box ゲーム","家電",201,"家電",1,"U","P",1,"STATUS",7.99,7.99,"全製品",1,,1998-01-01 00:00:00,,"A",
145,"コイン探し","コイン探し","Y Box ゲーム",2014,"Y Box ゲーム","家電",201,"家電",1,"U","P",1,"STATUS",12.99,12.99,"全製品",1,,1998-01-01 00:00:00,,"A",
146,"ナンバー・アドベンチャー","ナンバー・アドベンチャー","Y Box ゲーム",2014,"Y Box ゲーム","家電",201,"家電",1,"U","P",1,"STATUS",11.99,11.99,"全製品",1,,1998-01-01 00:00:00,,"A",
147,"追加ケーブル","追加ケーブル","Y Box アクセサリ",2013,"Y Box アクセサリ","家電",201,"家電",1,"U","P",1,"STATUS",7.99,7.99,"全製品",1,,1998-01-01 00:00:00,,"A",
148,"追加メモリ","追加メモリ","Y Box アクセサリ",2013,"Y Box アクセサリ","家電",201,"家電",1,"U","P",1,"STATUS",20.99,20.99,"全製品",1,,1998-01-01 00:00:00,,"A",
20,"Home Theatre Package with DVD-Audio/Video Play","Home Theatre Package with DVD-Audio/Video Play","家庭用オーディオ",2012,"家庭用オーディオ","家電",201,"家電",1,"U","P",1,"STATUS",599.99,599.99,"全製品",1,,1998-01-01 00:00:00,,"A",
29,"8.3 Minitower Speaker","8.3 Minitower Speaker","家庭用オーディオ",2012,"家庭用オーディオ","家電",201,"家電",1,"U","P",1,"STATUS",499.99,499.99,"全製品",1,,1998-01-01 00:00:00,,"A",
48,"キーボード・レスト","キーボード・レスト","アクセサリ",2051,"アクセサリ","ソフトウェア・その他",205,"ソフトウェア・その他",1,"U","P",1,"STATUS",11.99,11.99,"全製品",1,,1998-01-01 00:00:00,,"A",
34,"外付け6倍速CD-ROMドライブ","外付け6倍速CD-ROMドライブ","CD-ROM",2032,"CD-ROM","周辺機器・アクセサリ",203,"周辺機器・アクセサリ",1,"U","P",1,"STATUS",3999,39.99,"全製品",1,,1998-01-01 00:00:00,,"A",
34,"外付け6倍速CD-ROMドライブ","外付け6倍速CD-ROMドライブ","CD-ROM",2032,"CD-ROM","周辺機器・アクセサリ",203,"周辺機器・アクセサリ",1,"U","P",1,"STATUS",39.99,39.99,"全製品",1,,1998-01-01 00:00:00,,"A",
35,"外付け8倍速CD-ROMドライブ","外付け8倍速CD-ROMドライブ","CD-ROM",2032,"CD-ROM","周辺機器・アクセサリ",203,"周辺機器・アクセサリ",1,"U","P",1,"STATUS",4999,49.99,"全製品",1,,1998-01-01 00:00:00,,"A",
36,"携帯用外付け6倍速CD-ROMドライブ","携帯用外付け6倍速CD-ROMドライブ","CD-ROM",2032,"CD-ROM","周辺機器・アクセサリ",203,"周辺機器・アクセサリ",1,"U","P",1,"STATUS",4499,44.99,"全製品",1,,1998-01-01 00:00:00,,"A",
36,"携帯用外付け6倍速CD-ROMドライブ","携帯用外付け6倍速CD-ROMドライブ","CD-ROM",2032,"CD-ROM","周辺機器・アクセサリ",203,"周辺機器・アクセサリ",1,"U","P",1,"STATUS",44.99,44.99,"全製品",1,,1998-01-01 00:00:00,,"A",
37,"携帯用外付け8倍速CD-ROMドライブ","携帯用外付け8倍速CD-ROMドライブ","CD-ROM",2032,"CD-ROM","周辺機器・アクセサリ",203,"周辺機器・アクセサリ",1,"U","P",1,"STATUS",5499,54.99,"全製品",1,,1998-01-01 00:00:00,,"A",
37,"携帯用外付け8倍速CD-ROMドライブ","携帯用外付け8倍速CD-ROMドライブ","CD-ROM",2032,"CD-ROM","周辺機器・アクセサリ",203,"周辺機器・アクセサリ",1,"U","P",1,"STATUS",54.99,54.99,"全製品",1,,1998-01-01 00:00:00,,"A",
38,"内蔵6倍速CD-ROMドライブ","内蔵6倍速CD-ROMドライブ","CD-ROM",2032,"CD-ROM","周辺機器・アクセサリ",203,"周辺機器・アクセサリ",1,"U","P",1,"STATUS",2999,29.99,"全製品",1,,1998-01-01 00:00:00,,"A",
38,"内蔵6倍速CD-ROMドライブ","内蔵6倍速CD-ROMドライブ","CD-ROM",2032,"CD-ROM","周辺機器・アクセサリ",203,"周辺機器・アクセサリ",1,"U","P",1,"STATUS",29.99,29.99,"全製品",1,,1998-01-01 00:00:00,,"A",
39,"内蔵8倍速CD-ROMドライブ","内蔵8倍速CD-ROMドライブ","CD-ROM",2032,"CD-ROM","周辺機器・アクセサリ",203,"周辺機器・アクセサリ",1,"U","P",1,"STATUS",34.99,34.99,"全製品",1,,1998-01-01 00:00:00,,"A",
25,"128MB USB メモリ","128MB USB メモリ","メモリ",2033,"メモリ","周辺機器・アクセサリ",203,"周辺機器・アクセサリ",1,"U","P",1,"STATUS",112.99,112.99,"全製品",1,,1998-01-01 00:00:00,,"A",
26,"256MB USB メモリ","256MB USB メモリ","メモリ",2033,"メモリ","周辺機器・アクセサリ",203,"周辺機器・アクセサリ",1,"U","P",1,"STATUS",149.99,149.99,"全製品",1,,1998-01-01 00:00:00,,"A",
24,"PCMCIA データ通信カード","PCMCIA データ通信カード","モデム/FAX",2034,"モデム/FAX","周辺機器・アクセサリ",203,"周辺機器・アクセサリ",1,"U","P",1,"STATUS",45.99,45.99,"全製品",1,,1998-01-01 00:00:00,,"A",
33,"USB データ通信カード","USB データ通信カード","モデム/FAX",2034,"モデム/FAX","周辺機器・アクセサリ",203,"周辺機器・アクセサリ",1,"U","P",1,"STATUS",44.99,44.99,"全製品",1,,1998-01-01 00:00:00,,"A",
14,"17"" LCD w/built-in HDTV Tuner","17"" LCD w/built-in HDTV Tuner","モニタ",2035,"モニタ","周辺機器・アクセサリ",203,"周辺機器・アクセサリ",1,"U","P",1,"STATUS",999.99,999.99,"全製品",1,,1998-01-01 00:00:00,,"A",
127,"Model CD13272 Tricolor Ink Cartridge","Model CD13272 Tricolor Ink Cartridge","プリンタ・サプライ",2036,"プリンタ・サプライ","周辺機器・アクセサリ",203,"周辺機器・アクセサリ",1,"U","P",1,"STATUS",36.99,36.99,"全製品",1,,1998-01-01 00:00:00,,"A",
128,"Model SM26273 Black Ink Cartridge","Model SM26273 Black Ink Cartridge","プリンタ・サプライ",2036,"プリンタ・サプライ","周辺機器・アクセサリ",203,"周辺機器・アクセサリ",1,"U","P",1,"STATUS",27.99,27.99,"全製品",1,,1998-01-01 00:00:00,,"A",
129,"Model NM500X High Yield Toner Cartridge","Model NM500X High Yield Toner Cartridge","プリンタ・サプライ",2036,"プリンタ・サプライ","周辺機器・アクセサリ",203,"周辺機器・アクセサリ",1,"U","P",1,"STATUS",192.99,192.99,"全製品",1,,1998-01-01 00:00:00,,"A",
130,"Model A3827H Black Image Cartridge","Model A3827H Black Image Cartridge","プリンタ・サプライ",2036,"プリンタ・サプライ","周辺機器・アクセサリ",203,"周辺機器・アクセサリ",1,"U","P",1,"STATUS",89.99,89.99,"全製品",1,,1998-01-01 00:00:00,,"A",
17,"Mini DV Camcorder with 3.5"" Swivel LCD","Mini DV Camcorder with 3.5"" Swivel LCD","ビデオカメラ",2041,"ビデオカメラ","写真",204,"写真",1,"U","P",1,"STATUS",1099.99,1099.99,"全製品",1,,1998-01-01 00:00:00,,"A",
131,"モデル K3822L 携帯電話バッテリ","モデル K3822L 携帯電話バッテリ","カメラ・バッテリ",2042,"カメラ・バッテリ","写真",204,"写真",1,"U","P",1,"STATUS",18.99,18.99,"全製品",1,,1998-01-01 00:00:00,,"A",
132,"モデル C9827B 携帯電話バッテリ","モデル C9827B 携帯電話バッテリ","カメラ・バッテリ",2042,"カメラ・バッテリ","写真",204,"写真",1,"U","P",1,"STATUS",24.99,24.99,"全製品",1,,1998-01-01 00:00:00,,"A",
133,"モデル K8822S 携帯電話バッテリ","モデル K8822S 携帯電話バッテリ","カメラ・バッテリ",2042,"カメラ・バッテリ","写真",204,"写真",1,"U","P",1,"STATUS",30.99,30.99,"全製品",1,,1998-01-01 00:00:00,,"A",
134,"モデル C93822D 携帯電話バッテリ","モデル C93822D 携帯電話バッテリ","カメラ・バッテリ",2042,"カメラ・バッテリ","写真",204,"写真",1,"U","P",1,"STATUS",20.99,20.99,"全製品",1,,1998-01-01 00:00:00,,"A",
136,"64MB SDメモリ・カード","64MB SDメモリ・カード","カメラ・メディア",2043,"カメラ・メディア","写真",204,"写真",1,"U","P",1,"STATUS",32.99,32.99,"全製品",1,,1998-01-01 00:00:00,,"A",
28,"Unix/Windows 1ユーザー・パック","Unix/Windows 1ユーザー・パック","OS",2052,"OS","ソフトウェア・その他",205,"ソフトウェア・その他",1,"U","P",1,"STATUS",199.99,199.99,"全製品",1,,1998-01-01 00:00:00,,"A",
125,"CDケース50枚収納ボックス","CDケース50枚収納ボックス","バルク・ディスク",2053,"バルク・ディスク","ソフトウェア・その他",205,"ソフトウェア・その他",1,"U","P",1,"STATUS",15.99,15.99,"全製品",1,,1998-01-01 00:00:00,,"A",
126,"CDケース100枚収納ボックス","CDケース100枚収納ボックス","バルク・ディスク",2053,"バルク・ディスク","ソフトウェア・その他",205,"ソフトウェア・その他",1,"U","P",1,"STATUS",28.99,28.99,"全製品",1,,1998-01-01 00:00:00,,"A",
40,"OS英語マニュアル","OS英語マニュアル","マニュアル",2054,"マニュアル","ソフトウェア・その他",205,"ソフトウェア・その他",1,"U","P",1,"STATUS",44.99,44.99,"全製品",1,,1998-01-01 00:00:00,,"A",
41,"OSドイツ語マニュアル","OSドイツ語マニュアル","マニュアル",2054,"マニュアル","ソフトウェア・その他",205,"ソフトウェア・その他",1,"U","P",1,"STATUS",44.99,44.99,"全製品",1,,1998-01-01 00:00:00,,"A",
42,"OSフランス語マニュアル","OSフランス語マニュアル","マニュアル",2054,"マニュアル","ソフトウェア・その他",205,"ソフトウェア・その他",1,"U","P",1,"STATUS",44.99,44.99,"全製品",1,,1998-01-01 00:00:00,,"A",
43,"OSスペイン語マニュアル","OSスペイン語マニュアル","マニュアル",2054,"マニュアル","ソフトウェア・その他",205,"ソフトウェア・その他",1,"U","P",1,"STATUS",44.99,44.99,"全製品",1,,1998-01-01 00:00:00,,"A",
44,"OSイタリア語マニュアル","OSイタリア語マニュアル","マニュアル",2054,"マニュアル","ソフトウェア・その他",205,"ソフトウェア・その他",1,"U","P",1,"STATUS",44.99,44.99,"全製品",1,,1998-01-01 00:00:00,,"A",
45,"OS日本語マニュアル","OS日本語マニュアル","マニュアル",2054,"マニュアル","ソフトウェア・その他",205,"ソフトウェア・その他",1,"U","P",1,"STATUS",44.99,44.99,"全製品",1,,1998-01-01 00:00:00,,"A",
114,"音楽用CD-R","音楽用CD-R30枚パック","CD-R",2055,"CD-R","ソフトウェア・その他",205,"ソフトウェア・その他",1,"U","P",1,"STATUS",18.99,18.99,"全製品",1,,1998-01-01 00:00:00,,"A",
115,"CD-RW","倍速対応CD-RW 10枚パック","CD-R",2055,"CD-R","ソフトウェア・その他",205,"ソフトウェア・その他",1,"U","P",1,"STATUS",8.99,8.99,"全製品",1,,1998-01-01 00:00:00,,"A",
116,"CD-RW","倍速対応CD-RW 5枚パック","CD-R",2055,"CD-R","ソフトウェア・その他",205,"ソフトウェア・その他",1,"U","P",1,"STATUS",11.99,11.99,"全製品",1,,1998-01-01 00:00:00,,"A",
118,"音楽用CD-R","音楽用CD-R10枚パック","CD-R",2055,"CD-R","ソフトウェア・その他",205,"ソフトウェア・その他",1,"U","P",1,"STATUS",7.99,7.99,"全製品",1,,1998-01-01 00:00:00,,"A",
119,"CD-Rディスク（ケース付き）","CD-Rディスク（ケース付き）12枚パック","CD-R",2055,"CD-R","ソフトウェア・その他",205,"ソフトウェア・その他",1,"U","P",1,"STATUS",6.99,6.99,"全製品",1,,1998-01-01 00:00:00,,"A",
120,"CD-Rディスク（ケース付き）","CD-Rディスク（ケース付き）片面一層","DVD-R",2056,"DVD-R","ソフトウェア・その他",205,"ソフトウェア・その他",1,"U","P",1,"STATUS",6.99,6.99,"全製品",1,,1998-01-01 00:00:00,,"A",
122,"DVD-Rディスク","DVD-Rディスク5枚パック","DVD-R",2056,"DVD-R","ソフトウェア・その他",205,"ソフトウェア・その他",1,"U","P",1,"STATUS",18.99,18.99,"全製品",1,,1998-01-01 00:00:00,,"A",
123,"DVD-Rディスク","DVD-Rディスク5枚パック（高品質）","DVD-R",2056,"DVD-R","ソフトウェア・その他",205,"ソフトウェア・その他",1,"U","P",1,"STATUS",49.99,49.99,"全製品",1,,1998-01-01 00:00:00,,"A",
143,"アメコミ・ヒーローズ","アメコミ・ヒーローズ","Y Box ゲーム",2014,"Y Box ゲーム","家電",201,"家電",1,"U","P",1,"STATUS",19.99,19.99,"全製品",1,,1998-01-01 00:00:00,,"A",
13,"5メガ・ピクセル デジタルカメラ","5メガ・ピクセル デジタルカメラ","カメラ",2044,"カメラ","写真",204,"写真",1,"U","P",1,"STATUS",89999,899.99,"全製品",1,,1998-01-01 00:00:00,,"A",
21,"18インチ フラットパネル・モニタ","18インチ フラットパネル・モニタ","モニタ",2035,"モニタ","周辺機器・アクセサリ",203,"周辺機器・アクセサリ",1,"U","P",1,"STATUS",89999,899.99,"全製品",1,,1998-01-01 00:00:00,,"A",
19,"ノートPCキャリーケース","ノートPCキャリーケース","アクセサリ",2051,"アクセサリ","ソフトウェア・その他",205,"ソフトウェア・その他",1,"U","P",1,"STATUS",5599,55.99,"全製品",1,,1998-01-01 00:00:00,,"A",
24,"PCMCIA データ通信カード","PCMCIA データ通信カード","モデム/FAX",2034,"モデム/FAX","周辺機器・アクセサリ",203,"周辺機器・アクセサリ",1,"U","P",1,"STATUS",4599,45.99,"全製品",1,,1998-01-01 00:00:00,,"A",
25,"128MB USB メモリ","128MB USB メモリ","メモリ",2033,"メモリ","周辺機器・アクセサリ",203,"周辺機器・アクセサリ",1,"U","P",1,"STATUS",11299,112.99,"全製品",1,,1998-01-01 00:00:00,,"A",
26,"256MB USB メモリ","256MB USB メモリ","メモリ",2033,"メモリ","周辺機器・アクセサリ",203,"周辺機器・アクセサリ",1,"U","P",1,"STATUS",14999,149.99,"全製品",1,,1998-01-01 00:00:00,,"A",
32,"マルチメディア・スピーカー 5コーン","マルチメディア・スピーカー 5コーン","アクセサリ",2031,"アクセサリ","周辺機器・アクセサリ",203,"周辺機器・アクセサリ",1,"U","P",1,"STATUS",6799,67.99,"全製品",1,,1998-01-01 00:00:00,,"A",
33,"USB データ通信カード","USB データ通信カード","モデム/FAX",2034,"モデム/FAX","周辺機器・アクセサリ",203,"周辺機器・アクセサリ",1,"U","P",1,"STATUS",4499,44.99,"全製品",1,,1998-01-01 00:00:00,,"A",
47,"光学式マウス","光学式マウス","アクセサリ",2031,"アクセサリ","周辺機器・アクセサリ",203,"周辺機器・アクセサリ",1,"U","P",1,"STATUS",2899,28.99,"全製品",1,,1998-01-01 00:00:00,,"A",
131,"モデル K3822L 携帯電話バッテリ","モデル K3822L 携帯電話バッテリ","カメラ・バッテリ",2042,"カメラ・バッテリ","写真",204,"写真",1,"U","P",1,"STATUS",1899,18.99,"全製品",1,,1998-01-01 00:00:00,,"A",
132,"モデル C9827B 携帯電話バッテリ","モデル C9827B 携帯電話バッテリ","カメラ・バッテリ",2042,"カメラ・バッテリ","写真",204,"写真",1,"U","P",1,"STATUS",2499,24.99,"全製品",1,,1998-01-01 00:00:00,,"A",
134,"モデル C93822D 携帯電話バッテリ","モデル C93822D 携帯電話バッテリ","カメラ・バッテリ",2042,"カメラ・バッテリ","写真",204,"写真",1,"U","P",1,"STATUS",2099,20.99,"全製品",1,,1998-01-01 00:00:00,,"A",
